{"tolerances":{"model_tolerance":0.001},"version_number":1,"breps":[{"brep_id":1,"faces":[{"brep_id":3,"swapped_surface_normal":false,"surface":{"is_trimmed":true,"is_rational":false,"degrees":[2,3],"knot_vectors":[[0,0,0,1,1,1],[0,0,0,0,8,8,8,8]],"control_points":[[19,[2,0,0,1]],[20,[2,0.5,0,1]],[21,[2,1,0,1]],[22,[4.6666666666666661,0,0,1]],[23,[4.6666666666666661,0.49999999999999983,0,1]],[24,[4.6666666666666661,0.99999999999999967,0,1]],[25,[7.33333333333333,0,0,1]],[26,[7.33333333333333,0.5,0,1]],[27,[7.33333333333333,1,0,1]],[28,[10,0,0,1]],[29,[10,0.5,0,1]],[30,[10,1,0,1]]]},"boundary_loops":[{"loop_type":"outer","trimming_curves":[{"trim_index":0,"curve_direction":true,"parameter_curve":{"is_rational":false,"degree":3,"knot_vector":[0,0,0,0,0.84715693832412919,0.84715693832412919,0.84715693832412919,1.6943138766482586,1.6943138766482586,1.6943138766482586,2.5414708149723877,2.5414708149723877,2.5414708149723877,2.5414708149723877],"active_range":[0,2.5414708149723877],"control_points":[[31,[0,1,0,1]],[32,[0.15613291396516887,0.52191793021730026,0,1]],[33,[0.2706557338731429,0.49204241198043719,0,1]],[34,[0.37107067016926504,0.48374365691464183,0,1]],[35,[0.47148560646538729,0.47544490184884641,0,1]],[36,[0.55779265914965759,0.48872290995411871,0,1]],[37,[0.63082170372865565,0.60988473391472908,0,1]],[38,[0.7038507483076536,0.73104655787533934,0,1]],[39,[0.76360178478137919,0.96009219769128773,0,1]],[40,[1,2,0,1]]]}},{"trim_index":1,"curve_direction":true,"parameter_curve":{"is_rational":false,"degree":1,"knot_vector":[2,2,8,8],"active_range":[2,8],"control_points":[[41,[1,2,0,1]],[42,[1,8,0,1]]]}},{"trim_index":2,"curve_direction":true,"parameter_curve":{"is_rational":false,"degree":1,"knot_vector":[0,0,1,1],"active_range":[0,1],"control_points":[[43,[1,8,0,1]],[44,[0,8,0,1]]]}},{"trim_index":3,"curve_direction":true,"parameter_curve":{"is_rational":false,"degree":1,"knot_vector":[0,0,7,7],"active_range":[0,7],"control_points":[[45,[0,8,0,1]],[46,[0,1,0,1]]]}}]}],"embedded_loops":[],"embedded_edges":[{"trim_index":6,"curve_direction":true,"parameter_curve":{"is_rational":false,"degree":3,"knot_vector":[0,0,0,0,0.39171151168896712,0.39171151168896712,0.39171151168896712,0.7858932717842344,0.7858932717842344,0.7858932717842344,0.94411918366639558,0.94411918366639558,0.94411918366639558,1.2397102848865089,1.2397102848865089,1.5387583395134736,1.5387583395134736,1.5387583395134736,2.5414708149723877,2.5414708149723877,2.5414708149723877,2.5414708149723877],"active_range":[0,2.5414708149723877],"control_points":[[1,[0,1.0000000000000002,0,1]],[2,[0.031429562771635854,0.90376205733545079,0,1]],[3,[0.065475761441977254,0.80925830321286218,0,1]],[4,[0.11012857834282211,0.71799056336651379,0,1]],[5,[0.14797839953326858,0.64062774790715793,0,1]],[6,[0.20972968993053365,0.52846533191461464,0,1]],[7,[0.30497408790008212,0.496019188590649,0,1]],[8,[0.34539937505466861,0.48224783102115137,0,1]],[9,[0.41531959927888906,0.47884372492368388,0,1]],[10,[0.45688957220679727,0.484328350692205,0,1]],[11,[0.53856323814619744,0.49510414536490449,0,1]],[12,[0.589713107817167,0.54158340243334535,0,1]],[13,[0.67078333873995533,0.67580619208826165,0,1]],[14,[0.69316156173191257,0.74821897578784968,0,1]],[15,[0.71546690912014921,0.82234670793138576,0,1]],[16,[0.79054174751268991,1.0718441676309569,0,1]],[17,[0.94240902183703357,1.7466592229604034,0,1]],[18,[0.99999999999999978,2,0,1]]]}}],"embedded_points":[]}],"edges":[{"brep_id":5,"3d_curve":{"degree":3,"knot_vector":[0,0,0,0,0.39171151168896712,0.39171151168896712,0.63985539134563718,0.63985539134563718,0.7858932717842344,0.7858932717842344,0.94411918366639558,0.94411918366639558,1.1488215730938727,1.1488215730938727,1.2946128526601761,1.2946128526601761,1.5387583395134736,1.5387583395134736,2.5414708149723877,2.5414708149723877,2.5414708149723877,2.5414708149723877],"active_range":[0,2.5414708149723877],"control_points":[[47,[3,0,0,1]],[48,[2.9037620573354506,0.031429562771635819,0,1]],[49,[2.8092583032128622,0.065475761441977171,0,1]],[50,[2.6601736997381824,0.13841552649912942,0,1]],[51,[2.605729194781027,0.16846796648193352,0,1]],[52,[2.5299515043224674,0.2399342586862887,0,1]],[53,[2.5087295773022733,0.267663233765272,0,1]],[54,[2.4822480160823,0.34539883181482839,0,1]],[55,[2.47884379862674,0.41532015790115345,0,1]],[56,[2.4914239072883717,0.510669375617274,0,1]],[57,[2.5117578998524315,0.54977226668597323,0,1]],[58,[2.5790871639595858,0.61345661732873791,0,1]],[59,[2.6103389995828716,0.63278440675009984,0,1]],[60,[2.7017663440989832,0.67817791749910961,0,1]],[61,[2.7616046394470688,0.69718936440855239,0,1]],[62,[3.0718161150435597,0.79053330637077268,0,1]],[63,[3.7466877076764309,0.942415497157264,0,1]],[64,[3.9999999999999996,0.99999999999999978,0,1]]]},"topology":[{"brep_id":3,"trim_index":0,"relative_direction":true}]},{"brep_id":6,"3d_curve":{"degree":3,"knot_vector":[2,2,2,2,8,8,8,8],"active_range":[2,8],"control_points":[[65,[3.9999999999999996,0.99999999999999978,0,1]],[66,[5.9999999999999982,0.99999999999999978,0,1]],[67,[7.9999999999999982,1,0,1]],[68,[10,1,0,1]]]},"topology":[{"brep_id":3,"trim_index":1,"relative_direction":true}]},{"brep_id":7,"3d_curve":{"degree":2,"knot_vector":[-1,-1,-1,0,0,0],"active_range":[-1,0],"control_points":[[69,[10,1,0,1]],[70,[10,0.5,0,1]],[71,[10,0,0,1]]]},"topology":[{"brep_id":3,"trim_index":2,"relative_direction":true}]},{"brep_id":8,"3d_curve":{"degree":3,"knot_vector":[-8,-8,-8,-8,-1,-1,-1,-1],"active_range":[-8,-1],"control_points":[[72,[10,0,0,1]],[73,[7.6666666666666643,0,0,1]],[74,[5.3333333333333321,0,0,1]],[75,[2.9999999999999996,0,0,1]]]},"topology":[{"brep_id":3,"trim_index":3,"relative_direction":true}]}],"vertices":[]},{"brep_id":2,"faces":[{"brep_id":4,"swapped_surface_normal":false,"surface":{"is_trimmed":true,"is_rational":false,"degrees":[3,2],"knot_vectors":[[0,0,0,0,4,4,4,4],[0,0,0,1,1,1]],"control_points":[[94,[0,0,0,1]],[95,[1.333333333333333,0,0,1]],[96,[2.6666666666666665,0,0,1]],[97,[4,0,0,1]],[98,[0,0.5,0,1]],[99,[1.333333333333333,0.49999999999999983,0,1]],[100,[2.666666666666667,0.5,0,1]],[101,[4,0.5,0,1]],[102,[0,1,0,1]],[103,[1.333333333333333,0.99999999999999967,0,1]],[104,[2.6666666666666665,1,0,1]],[105,[4,1,0,1]]]},"boundary_loops":[{"loop_type":"outer","trimming_curves":[{"trim_index":2,"curve_direction":true,"parameter_curve":{"is_rational":false,"degree":1,"knot_vector":[0,0,4,4],"active_range":[0,4],"control_points":[[106,[4,1,0,1]],[107,[0,1,0,1]]]}},{"trim_index":3,"curve_direction":true,"parameter_curve":{"is_rational":false,"degree":1,"knot_vector":[0,0,1,1],"active_range":[0,1],"control_points":[[108,[0,1,0,1]],[109,[0,0,0,1]]]}},{"trim_index":0,"curve_direction":true,"parameter_curve":{"is_rational":false,"degree":1,"knot_vector":[0,0,2.9999999999999996,2.9999999999999996],"active_range":[0,2.9999999999999996],"control_points":[[110,[0,0,0,1]],[111,[3,0,0,1]]]}},{"trim_index":1,"curve_direction":true,"parameter_curve":{"is_rational":false,"degree":3,"knot_vector":[0,0,0,0,0.84715693832412919,0.84715693832412919,0.84715693832412919,1.6943138766482586,1.6943138766482586,1.6943138766482586,2.5414708149723877,2.5414708149723877,2.5414708149723877,2.5414708149723877],"active_range":[0,2.5414708149723877],"control_points":[[112,[3,0,0,1]],[113,[2.5219179302173003,0.15613291396516887,0,1]],[114,[2.492042411980437,0.2706557338731429,0,1]],[115,[2.4837436569146414,0.37107067016926504,0,1]],[116,[2.4754449018488462,0.47148560646538729,0,1]],[117,[2.4887229099541184,0.55779265914965759,0,1]],[118,[2.6098847339147291,0.63082170372865565,0,1]],[119,[2.7310465578753393,0.7038507483076536,0,1]],[120,[2.9600921976912877,0.76360178478137919,0,1]],[121,[4,1,0,1]]]}}]}],"embedded_loops":[],"embedded_edges":[{"trim_index":6,"curve_direction":true,"parameter_curve":{"is_rational":false,"degree":3,